Num of points,SAM,SAM (oracle),RITM,SimpleClick,FocalClick
1,0.459519799,0.508014549,0.132232515,0.191030481,0.224022227
2,0.539567888,0.553004503,0.303443928,0.348378298,0.382966275
3,0.566878414,0.581487316,0.453819192,0.474998885,0.469059209
4,0.584634865,0.602130352,0.539908923,0.546913028,0.52206614
5,0.596895064,0.618017651,0.59617223,0.594181218,0.553567435
6,0.604929737,0.628477461,0.63195318,0.625265764,0.577543683
7,0.609457031,0.634867725,0.656464736,0.646124645,0.593629751
8,0.611501257,0.63986344,0.675259442,0.661830439,0.605229646
9,0.611249208,0.642368666,0.687500386,0.6743755,0.614151596